<?xml version="1.0" encoding="UTF-8"?>
<project-private xmlns="http://www.netbeans.org/ns/project-private/1">
    <editor-bookmarks xmlns="http://www.netbeans.org/ns/editor-bookmarks/2" lastBookmarkId="0"/>
    <open-files xmlns="http://www.netbeans.org/ns/projectui-open-files/2">
        <group>
            <file>file:/C:/str/javaProject/Hardware/src/backend/interactions.java</file>
            <file>file:/C:/str/javaProject/Hardware/src/backend/strLab2.java</file>
            <file>file:/C:/str/javaProject/Hardware/src/backend/Product.java</file>
            <file>file:/C:/str/javaProject/Hardware/src/GUI/mainGUI.java</file>
        </group>
    </open-files>
</project-private>
